branch,service,offered_yes_no,duration_minutes,buffer_minutes,required_resources,approved_by,approved_date
cabuyao,Gingivectomy,,,,,,
cabuyao,Diastema Closure,,,,,,
cabuyao,Bite Plane,,,,,,
cabuyao,Crown Repair,,,,,,
cabuyao,Teeth Whitening,,,,,,
cabuyao,Laminate Veneers,,,,,,
cabuyao,ODONTECTOMY,,,,,,
cabuyao,ORTHODONTICS,,,,,,
cabuyao,CROWNS,,,,,,
cabuyao,Composite Veneers,,,,,,
cabuyao,Removable Denture,,,,,,
cabuyao,Pulpotomy,,,,,,
cabuyao,Oral Prophylaxis,,,,,,
cabuyao,Tooth Restoration,,,,,,
cabuyao,Retainers,,,,,,
santa-rosa,Gingivectomy,,,,,,
santa-rosa,Diastema Closure,,,,,,
santa-rosa,Bite Plane,,,,,,
santa-rosa,Crown Repair,,,,,,
santa-rosa,Teeth Whitening,,,,,,
santa-rosa,Laminate Veneers,,,,,,
santa-rosa,ODONTECTOMY,,,,,,
santa-rosa,ORTHODONTICS,,,,,,
santa-rosa,CROWNS,,,,,,
santa-rosa,Composite Veneers,,,,,,
santa-rosa,Removable Denture,,,,,,
santa-rosa,Pulpotomy,,,,,,
santa-rosa,Oral Prophylaxis,,,,,,
santa-rosa,Tooth Restoration,,,,,,
santa-rosa,Retainers,,,,,,
